omega,rank,D,mask,status,total_sec,pell_sec,x1_digits,y1_digits,y1_smooth,rank_R,rank_missing_prime,rank_multiples,j_checked,smooth_pairs,hits,error
7,1,510510,127,HIT,0.000132,0.000027,4,1,1,1,0,30,30,1,714,
7,2,170170,125,HIT,0.000127,0.000044,5,2,1,1,0,30,30,1,12375,
7,3,15015,62,CHECKED_NO_HIT,0.000096,0.000071,4,2,1,4,0,7,7,0,,
7,4,72930,119,CHECKED_NO_HIT,0.000095,0.000035,4,2,1,3,0,10,10,0,,
7,5,39270,95,CHECKED_NO_HIT,0.000094,0.000035,4,1,1,3,0,10,10,0,,
7,6,1547,104,CHECKED_NO_HIT,0.000091,0.000034,3,1,1,6,0,5,5,0,,
7,7,255255,126,GATE_Y1_NOT_SMOOTH,0.000088,0.000052,7,4,0,0,0,0,0,0,,
7,8,7735,108,CHECKED_NO_HIT,0.000082,0.000042,6,4,1,3,0,10,10,0,,
7,9,30030,63,CHECKED_NO_HIT,0.000073,0.000016,4,2,1,8,0,3,3,0,,
7,10,46410,111,GATE_Y1_NOT_SMOOTH,0.000068,0.000031,6,3,0,0,0,0,0,0,,
7,11,2431,112,GATE_Y1_NOT_SMOOTH,0.000068,0.000064,12,10,0,0,0,0,0,0,,
7,12,102102,123,GATE_Y1_NOT_SMOOTH,0.000067,0.000029,7,5,0,0,0,0,0,0,,
7,13,3094,105,GATE_Y1_NOT_SMOOTH,0.000066,0.000062,13,11,0,0,0,0,0,0,,
7,14,7293,114,GATE_Y1_NOT_SMOOTH,0.000060,0.000027,8,6,0,0,0,0,0,0,,
7,15,510,71,LCM_EXCEEDS_L,0.000050,0.000038,3,2,1,60,0,0,0,0,,
7,16,36465,118,GATE_Y1_NOT_SMOOTH,0.000048,0.000040,13,11,0,0,0,0,0,0,,
7,17,1309,88,GATE_Y1_NOT_SMOOTH,0.000047,0.000042,15,14,0,0,0,0,0,0,,
7,18,13,32,CHECKED_NO_HIT,0.000045,0.000022,3,3,1,4,0,7,7,0,,
7,19,5610,87,CHECKED_NO_HIT,0.000044,0.000019,3,2,1,14,0,2,2,0,,
7,20,2618,89,CHECKED_NO_HIT,0.000044,0.000017,3,1,1,21,0,1,1,0,,
7,21,85085,124,GATE_Y1_NOT_SMOOTH,0.000043,0.000033,13,11,0,0,0,0,0,0,,
7,22,2730,47,CHECKED_NO_HIT,0.000043,0.000029,3,1,1,18,0,1,1,0,,
7,23,715,52,GATE_Y1_NOT_SMOOTH,0.000042,0.000039,5,4,0,0,0,0,0,0,,
7,24,429,50,GATE_Y1_NOT_SMOOTH,0.000042,0.000039,7,5,0,0,0,0,0,0,,
7,25,1155,30,CHECKED_NO_HIT,0.000040,0.000028,2,1,1,14,0,2,2,0,,
7,26,935,84,CHECKED_NO_HIT,0.000040,0.000022,4,2,1,6,0,5,5,0,,
7,27,3927,90,CHECKED_NO_HIT,0.000040,0.000015,3,1,1,3,0,10,10,0,,
7,28,1326,99,CHECKED_NO_HIT,0.000039,0.000016,4,2,1,6,0,5,5,0,,
7,29,12155,116,HIT,0.000039,0.000007,3,1,1,2,0,15,15,1,194480,
7,30,13090,93,GATE_Y1_NOT_SMOOTH,0.000039,0.000034,11,8,0,0,0,0,0,0,,
7,31,385,28,GATE_Y1_NOT_SMOOTH,0.000038,0.000035,5,4,0,0,0,0,0,0,,
7,32,17017,120,GATE_Y1_NOT_SMOOTH,0.000038,0.000034,9,7,0,0,0,0,0,0,,
7,33,238,73,CHECKED_NO_HIT,0.000038,0.000017,5,3,1,6,0,5,5,0,,
7,34,85,68,GATE_Y1_NOT_SMOOTH,0.000038,0.000035,6,5,0,0,0,0,0,0,,
7,35,154,25,CHECKED_NO_HIT,0.000038,0.000023,5,4,1,8,0,3,3,0,,
7,36,1430,53,CHECKED_NO_HIT,0.000036,0.000019,5,3,1,6,0,5,5,0,,
7,37,19635,94,CHECKED_NO_HIT,0.000036,0.000016,4,1,1,7,0,4,4,0,,
7,38,14586,115,GATE_Y1_NOT_SMOOTH,0.000036,0.000029,8,6,0,0,0,0,0,0,,
7,39,210,15,LCM_EXCEEDS_L,0.000035,0.000026,2,1,1,63,0,0,0,0,,
7,40,357,74,LCM_EXCEEDS_L,0.000035,0.000024,4,3,1,35,0,0,0,0,,
7,41,24310,117,CHECKED_NO_HIT,0.000035,0.000012,4,2,1,4,0,7,7,0,,
7,42,15470,109,GATE_Y1_NOT_SMOOTH,0.000034,0.000026,7,5,0,0,0,0,0,0,,
7,43,2805,86,CHECKED_NO_HIT,0.000034,0.000014,5,4,1,4,0,7,7,0,,
7,44,858,51,CHECKED_NO_HIT,0.000034,0.000011,3,2,1,24,0,1,1,0,,
7,45,10010,61,CHECKED_NO_HIT,0.000034,0.000007,4,2,1,18,0,1,1,0,,
7,46,35,12,CHECKED_NO_HIT,0.000034,0.000020,1,1,1,24,0,1,1,0,,
7,47,714,75,CHECKED_NO_HIT,0.000034,0.000018,4,3,1,6,0,5,5,0,,
7,48,165,22,CHECKED_NO_HIT,0.000034,0.000015,4,2,1,6,0,5,5,0,,
7,49,5005,60,GATE_Y1_NOT_SMOOTH,0.000034,0.000030,11,9,0,0,0,0,0,0,,
7,50,91,40,CHECKED_NO_HIT,0.000033,0.000019,4,3,1,9,0,3,3,0,,
